{
    "team_model": {
        "accuracy": 0.9870563674321503,
        "precision": 0.986784140969163,
        "recall": 0.9904200442151806,
        "f1": 0.9885987495402722
    },
    "player_model": {
        "r2": 0.5103533409407817,
        "rmse": 6.740556468153342,
        "mae": 5.152615427837222
    }
}